sample_id,expression
sample1,1.7392847
sample2,3.2836712
sample3,1.4928324
sample4,10.3735171
sample5,8.2271383
sample6,9.0382812
sample7,1.2983293
sample8,6.3937482
sample9,5.3928833
sample10,2.8327482
sample11,3.3828923
sample12,2.3938392
